path,file,lines,include,includelocal,memberfuncs,onelinefuncs
../../../ScaleBox/src/RIPPS/,RIPPS_Connection.cc,921,8,4,59,30
../../../ScaleBox/src/RIPPS/,RIPPS_Host.cc,965,7,6,65,29
../../../ScaleBox/src/RIPPS/,RIPPS_Monitor.cc,1483,8,7,47,22
../../../ScaleBox/src/RIPPS/,RIPPS_PktPair.cc,607,5,3,50,23
../../../ScaleBox/src/RIPPS/,RIPPS_Support.cc,61,5,4,0,0
../../../ScaleBox/src/TWiCE/,TWiCE_CacheTable.cc,2082,4,3,73,0
../../../ScaleBox/src/TWiCE/,TWiCE_ClientInfo.cc,33,1,1,0,0
../../../ScaleBox/src/TWiCE/,TWiCE_Gateway.cc,991,7,6,22,1
../../../ScaleBox/src/TWiCE/,TWiCE_PacketPool.cc,477,4,3,29,6
../../../ScaleBox/src/TWiCE/,TWiCE_Support.cc,23,2,2,0,0
../../../ScaleBox/src/boneyard/RIPPS/,InputRIPPSExternal.cc,0,0,0,0,0
../../../ScaleBox/src/boneyard/RIPPS/,InputRIPPSInternal.cc,0,0,0,0,0
../../../ScaleBox/src/core/,Console.cc,274,10,7,0,1
../../../ScaleBox/src/core/,LogEvent.cc,78,2,1,0,7
../../../ScaleBox/src/core/,Main.cc,416,0,0,0,0
../../../ScaleBox/src/core/,Timestamp.cc,225,2,1,17,5
../../../ScaleBox/src/fmnc/,fmnc_client.cc,10,0,0,0,0
../../../ScaleBox/src/fmnc/,fmnc_connection.cc,685,3,2,66,0
../../../ScaleBox/src/fmnc/,fmnc_connection_tcp_slice.cc,609,4,3,43,0
../../../ScaleBox/src/fmnc/,fmnc_manager.cc,2310,18,11,77,1
../../../ScaleBox/src/fmnc/,fmnc_measurement_packet.cc,847,4,2,75,0
../../../ScaleBox/src/fmnc/,fmnc_measurement_pair.cc,148,2,2,16,0
../../../ScaleBox/src/fmnc/,fmnc_session.cc,10,0,0,0,0
../../../ScaleBox/src/fmnc/,fmnc_support.cc,26,2,2,0,0
../../../ScaleBox/src/fmnc/,fmnc_test_analysis.cc,567,7,5,29,0
../../../ScaleBox/src/fmnc/,fmnc_test_sequence.cc,2662,9,5,84,0
../../../ScaleBox/src/fmnc/,fmnc_thread.cc,10,0,0,0,0
../../../ScaleBox/src/fmnc/support/test/,fmnc_unit_test.cc,26,2,2,0,0
../../../ScaleBox/src/mem/,MemPoolCustom.cc,52,2,2,0,0
../../../ScaleBox/src/mem/,MemPoolObject.cc,189,13,13,13,6
../../../ScaleBox/src/mem/,MemoryPool.cc,244,2,1,8,0
../../../ScaleBox/src/mon/,Monitor.cc,224,8,7,14,5
../../../ScaleBox/src/mon/,Thread_Archive.cc,209,5,5,16,6
../../../ScaleBox/src/mon/,Thread_Timer.cc,588,8,6,36,17
../../../ScaleBox/src/packetcache/,PacketCacheEntry.cc,17,2,1,2,0
../../../ScaleBox/src/packetcache/,PacketCacheModule.cc,137,8,5,7,3
../../../ScaleBox/src/packetcache/,PacketCacheSupport.cc,15,2,2,0,0
../../../ScaleBox/src/packetcache/,PacketCacheTable.cc,610,7,5,7,4
../../../ScaleBox/src/pkt/,Adapter.cc,724,12,11,42,16
../../../ScaleBox/src/pkt/,AdapterFile.cc,812,9,8,32,14
../../../ScaleBox/src/pkt/,AdapterPCap.cc,211,7,6,14,8
../../../ScaleBox/src/pkt/,Filter.cc,78,6,5,5,2
../../../ScaleBox/src/pkt/,FilterLayer.cc,349,9,5,24,9
../../../ScaleBox/src/pkt/,FilterRule.cc,141,5,4,10,5
../../../ScaleBox/src/pkt/,IOModule.cc,405,20,19,25,14
../../../ScaleBox/src/pkt/,InputLog.cc,102,7,6,12,9
../../../ScaleBox/src/pkt/,InputModule.cc,48,13,12,0,0
../../../ScaleBox/src/pkt/,InputPassthrough.cc,132,6,5,10,3
../../../ScaleBox/src/pkt/,InputPurge.cc,162,6,5,9,3
../../../ScaleBox/src/pkt/,InputSignature.cc,63,4,4,8,5
../../../ScaleBox/src/pkt/,MultiIFModule.cc,248,6,5,20,9
../../../ScaleBox/src/pkt/,NetAddress.cc,208,3,2,17,13
../../../ScaleBox/src/pkt/,OutputModule.cc,27,5,5,0,0
../../../ScaleBox/src/pkt/,OutputWrite.cc,116,6,6,11,6
../../../ScaleBox/src/pkt/,Packet.cc,239,4,3,26,12
../../../ScaleBox/src/pkt/,PacketSignature.cc,31,2,1,4,3
../../../ScaleBox/src/pkt/,PktQueue.cc,42,1,1,4,4
../../../ScaleBox/src/pkt/,PktQueueFIFO.cc,296,4,3,18,2
../../../ScaleBox/src/pkt/,PktScheduler.cc,101,0,0,4,1
../../../ScaleBox/src/pkt/,PktSigMD5.cc,457,3,3,13,4
../../../ScaleBox/src/pkt/,PktSigXOR.cc,73,4,3,4,2
../../../ScaleBox/src/pkt/,PktSupport.cc,44,13,13,0,0
../../../ScaleBox/src/pkt/,Thread_IO.cc,149,7,5,0,0
../../../ScaleBox/src/pkt/address/,NetAddress.cc,291,4,3,30,16
../../../ScaleBox/src/pkt/address/,NetAddressEthernet.cc,156,6,4,8,2
../../../ScaleBox/src/pkt/address/,NetAddressIPv4.cc,196,6,4,10,2
../../../ScaleBox/src/pkt/address/,NetAddressIPv4Subnet.cc,161,6,4,9,2
../../../ScaleBox/src/pktcache/,ChildCacheModule.cc,199,6,6,11,4
../../../ScaleBox/src/pktcache/,PCPacketFmt.cc,19,2,2,0,1
../../../ScaleBox/src/pktcache/,PktCacheSupport.cc,22,3,3,0,0
../../../ScaleBox/src/pktcache/,PktCacheTable.cc,125,2,1,21,16
../../../ScaleBox/src/pktcache/,SourceCacheModule.cc,299,8,8,14,3
../../../ScaleBox/src/psm/,psm_gateway.cc,155,7,6,12,1
../../../ScaleBox/src/sandbox/,IOSandbox.cc,120,6,5,7,3
../../../ScaleBox/src/sandbox/,SandboxSupport.cc,44,3,2,0,0
../../../ScaleBox/src/sneayknat/,SneakyNAT.cc,3,0,0,0,0
../../../ScaleBox/src/sneayknat/,SneakyNAT_Support.cc,46,3,2,0,0
../../../ScaleBox/src/stat/,StatManager.cc,189,5,4,12,4
../../../ScaleBox/src/stat/,Stats.cc,305,7,4,21,2
../../../ScaleBox/src/stat/,ThreadClientStat.cc,104,9,6,0,0
../../../ScaleBox/src/stmc/,InputEgressVGDM.cc,49,4,3,6,4
../../../ScaleBox/src/stmc/,InputIngressVGDM.cc,44,3,2,7,3
../../../ScaleBox/src/stmc/,VGDM.cc,89,4,3,9,6
../../../ScaleBox/src/test/,TestSupport.cc,45,3,2,0,0
../../../ScaleBox/src/test/,TestTimer.cc,172,7,6,9,2
../../../ScaleBox/src/util/,802_11.cc,221,6,2,0,1
../../../ScaleBox/src/util/,ParamDictionary.cc,379,3,1,26,0
../../../ScaleBox/src/util/,PracticalSocket.cc,384,2,1,36,2
../../../ScaleBox/src/util/,SpookyV2.cc,351,2,1,5,0
../../../ScaleBox/src/util/,ip-utils.cc,1239,5,1,0,2
../../../ScaleBox/src/util/,mgmt.cc,80,7,2,0,0
../../../ScaleBox/src/util/,tokenize.cc,24,1,1,0,0
../../../ScaleBox/src/vhost/,DataBlock.cc,3,1,1,0,0
../../../ScaleBox/src/vhost/,DataFlow.cc,0,0,0,0,0
../../../ScaleBox/src/vhost/,VHostSupport.cc,0,0,0,0,0
../../../ScaleBox/src/vhost/,VNStackMod8023.cc,0,0,0,0,0
../../../ScaleBox/src/vhost/,VNStackModARP.cc,0,0,0,0,0
../../../ScaleBox/src/vhost/,VNStackModIP.cc,0,0,0,0,0
../../../ScaleBox/src/vhost/,VNStackModIPv4.cc,0,0,0,0,0
../../../ScaleBox/src/vhost/,VNStackModIPv6.cc,0,0,0,0,0
../../../ScaleBox/src/vhost/,VNStackModTCP.cc,0,0,0,0,0
../../../ScaleBox/src/vhost/,VNStackModUDP.cc,0,0,0,0,0
../../../ScaleBox/src/vhost/,VNetStack.cc,66,1,1,6,3
../../../ScaleBox/src/vhost/,VNetStackModule.cc,0,0,0,0,0
../../../ScaleBox/src/vhost/,VSocketDatagram.cc,0,0,0,0,0
../../../ScaleBox/src/vhost/,VSocketStream.cc,0,0,0,0,0
../../../ScaleBox/src/vhost/,VirtSocket.cc,0,0,0,0,0
../../../ScaleBox/src/vhost/,VirtualHost.cc,34,0,0,5,2
../../../ScaleBox/src/vhost/app/,AppBase.cc,0,0,0,0,0
../../../ScaleBox/src/vhost/app/,AppCBR.cc,0,0,0,0,0
../../../ScaleBox/src/viz/,d3js.cc,282,3,1,24,0
../../../ScaleBox/src/viz/,json.cc,74,2,1,0,0
../../../ScaleBox/src/viz/,vizDataPoint.cc,64,3,2,8,0
../../../ScaleBox/src/viz/,vizDataSet.cc,115,4,2,9,0
../../../ScaleBox/src/viz/test/,ScaleBoxViz.cc,93,5,3,0,0
../../../ScaleBox/src/vnet/,AdapterVirtual.cc,61,8,7,7,6
../../../ScaleBox/src/vnet/,DelayLink.cc,110,6,5,7,3
../../../ScaleBox/src/vnet/,FileReplayIO.cc,42,4,3,5,4
../../../ScaleBox/src/vnet/,RateLimiter.cc,110,6,5,7,3
../../../ScaleBox/src/vnet/,VNetSupport.cc,48,4,3,0,0
../../../ScaleBox/src/vnet/,VirtualIngress.cc,56,1,1,5,4
../../../ScaleBox/src/whirlwind/,whirlwind_gateway.cc,1186,12,10,27,5
../../../ScaleBox/src/whirlwind/,whirlwind_gw_ue_cachetable.cc,13,1,1,0,0
../../../ScaleBox/src/whirlwind/,whirlwind_mastercache.cc,708,7,4,57,33
../../../ScaleBox/src/whirlwind/,whirlwind_packetstore.cc,271,3,2,31,14
../../../ScaleBox/src/whirlwind/,whirlwind_rendezvous.cc,11,1,1,0,0
../../../ScaleBox/src/whirlwind/,whirlwind_signature.cc,2,1,1,0,0
../../../ScaleBox/src/whirlwind/,whirlwind_support.cc,28,2,2,0,0
../../../ScaleBox/src/xml/,FileXML.cc,556,6,4,12,8
../../../ScaleBox/src/xml/,NodeDOM.cc,363,4,3,28,10
../../../ScaleBox/src/xml/,NodeElem.cc,104,3,2,10,6
